<?xml version="1.0" encoding="UTF-8"?>


<!DOCTYPE hibernate-configuration SYSTEM
        "http://www.hibernate.org/dtd/hibernate-configuration-3.0.dtd">
<hibernate-configuration>
<session-factory>
<property name="hibernate.dialect">org.hibernate.dialect.MySQLDialect</property>
<property name="hibernate.connection.driver_class">com.mysql.jdbc.Driver</property>
<property name="hibernate.connection.url">jdbc:mysql://localhost:3306/sample</property>
<property name="hibernate.connection.username">root</property>
<property name="hibernate.connention.pool_size">1</property>
<property name="hibernate.connection.password">Welcome123</property>
<property name="hibernate.show_sql">true</property>
<property name="hbm2ddl.auto">update</property>
<mapping class="com.mindtree.entity.Employee"/>
<mapping class="com.mindtree.entity.Department"/>
</session-factory>
</hibernate-configuration>