<?xml version="1.0" encoding="UTF-8"?>
<beans xmlns="http://www.springframework.org/schema/beans"
	xmlns:xsi="http://www.w3.org/2001/XMLSchema-instance" xmlns:context="http://www.springframework.org/schema/context"
	xmlns:mvc="http://www.springframework.org/schema/mvc"
	xsi:schemaLocation="http://www.springframework.org/schema/beans http://www.springframework.org/schema/beans/spring-beans.xsd
		http://www.springframework.org/schema/context http://www.springframework.org/schema/context/spring-context.xsd
		http://www.springframework.org/schema/mvc http://www.springframework.org/schema/mvc/spring-mvc.xsd">

	<context:annotation-config />
	<context:component-scan base-package="com.mindtree" />
	<mvc:annotation-driven />

	<mvc:default-servlet-handler />

	<mvc:view-resolvers>
		<mvc:jsp prefix="/" suffix=".html" cache-views="false" />
	</mvc:view-resolvers>

	<mvc:resources location="/assets/" mapping="/assets/**" />
	<mvc:resources location="/vendor/" mapping="/vendor/**" />

	<!-- Thymeleaf View Resolver settings -->
	<!-- <bean id="templateResolver" class="org.thymeleaf.spring4.templateresolver.SpringResourceTemplateResolver"> 
		<property name="prefix" value="/WEB-INF/templates/" /> <property name="suffix" 
		value=".html" /> <property name="templateMode" value="HTML5" /> <property 
		name="cacheable" value="true" /> </bean> -->

	<!-- <bean id="templateEngine" class="org.thymeleaf.spring4.SpringTemplateEngine"> 
		<property name="templateResolver" ref="templateResolver" /> <property name="enableSpringELCompiler" 
		value="true" /> </bean> -->

	<!-- <bean class="org.thymeleaf.spring4.view.ThymeleafViewResolver"> <property 
		name="templateEngine" ref="templateEngine" /> <property name="order" value="1" 
		/> <property name="viewNames" value="*.html,*.xhtml" /> </bean> -->
</beans>
