<?xml version="1.0" encoding="UTF-8"?>
<!DOCTYPE hibernate-configuration PUBLIC
		"-//Hibernate/Hibernate Configuration DTD 3.0//EN"
		"http://www.hibernate.org/dtd/hibernate-configuration-3.0.dtd">
<hibernate-configuration>
    <session-factory>
    	<property name="hibernate.dialect">org.hibernate.dialect.MySQLDialect</property>
    	<property name="hibernate.hbm2ddl.auto">update</property>
    	<property name="show_sql">true</property>
    	<property name="hibernate.format_sql">true</property>
    	<property name="hibernate.jdbc.batch_size">10</property>
    </session-factory>
</hibernate-configuration>