<beans xmlns="http://www.springframework.org/schema/beans"
	xmlns:xsi="http://www.w3.org/2001/XMLSchema-instance" xmlns:context="http://www.springframework.org/schema/context"
	xmlns:mvc="http://www.springframework.org/schema/mvc" xmlns:aop="http://www.springframework.org/schema/aop"
	xmlns:tx="http://www.springframework.org/schema/tx"  xmlns:p="http://www.springframework.org/schema/p"
	xsi:schemaLocation="http://www.springframework.org/schema/beans
        http://www.springframework.org/schema/beans/spring-beans.xsd
        http://www.springframework.org/schema/context
        http://www.springframework.org/schema/context/spring-context.xsd
        http://www.springframework.org/schema/mvc
        http://www.springframework.org/schema/mvc/spring-mvc.xsd
        http://www.springframework.org/schema/aop	
        http://www.springframework.org/schema/aop/spring-aop.xsd
 		http://www.springframework.org/schema/tx	
 		http://www.springframework.org/schema/tx/spring-tx.xsd">


	<context:component-scan base-package="com.ticketshere" />
	<mvc:annotation-driven />

	
	<bean id="propertyPlaceholderConfigurer"
class="org.springframework.beans.factory.config.PropertyPlaceholderConfigurer">
 <property name="locations">
 <list>
 <value>classpath*:mysql.properties</value>
 </list>
 </property>
</bean>

<bean id="dataSource" class="org.springframework.jdbc.datasource.DriverManagerDataSource">
 <property name="driverClassName" value="${mysql.driverClassName}"/>
 <property name="url" value="${mysql.databaseurl}"/>
 <property name="username" value="${mysql.username}"/>
 <property name="password" value="${mysql.password}"/>
 
</bean>
		
	<!-- Hiberante Entity Manager Configurations -->
	<bean id="entityManagerFactory"
		class="org.springframework.orm.jpa.LocalContainerEntityManagerFactoryBean">
		<property name="dataSource" ref="dataSource" />
		<property name="packagesToScan"
			value="com.ticketshere.entity" />

		<property name="jpaVendorAdapter">
			<bean class="org.springframework.orm.jpa.vendor.HibernateJpaVendorAdapter" />
		</property>
		<property name="jpaProperties">
			<props>
				<prop key="hibernate.dialect">${mysql.dialect}</prop>
				<prop key="hibernate.show_sql">true</prop>
				<prop key="hibernate.hbm2ddl.auto">update</prop>
			</props>
		</property>
	</bean>

	<bean id="transactionManager" class="org.springframework.orm.jpa.JpaTransactionManager">
		<property name="entityManagerFactory" ref="entityManagerFactory" />
	</bean>
	<tx:annotation-driven proxy-target-class="true"
		transaction-manager="transactionManager" />
</beans>


