<?xml version='1.0' encoding='UTF-8'?>  
<!DOCTYPE hibernate-mapping PUBLIC  
 "-//Hibernate/Hibernate Mapping DTD 3.0//EN"  
 "http://hibernate.sourceforge.net/hibernate-mapping-3.0.dtd">  
  
 <hibernate-mapping> 
 <class name="com.mindtree.entity.Employee">
 <id name="empno">
 <generator class="assigned"></generator>  
 </id>
 
 <property name="empname"></property>
 <property name="email"></property> 
 <property name="dob"></property>
 <property name="sal"></property>
 
 
 </class>
  
 </hibernate-mapping>